{"warps":{"tokieyotowr":{"location":{"pos":{"x":-148.4819330568537,"y":63.0,"z":-539.4513812142909},"yaw":1.0495911,"pitch":26.250095,"dimension":"minecraft:overworld"}},"grinder":{"location":{"pos":{"x":-376.3699888989798,"y":172.875,"z":-842.9132642849509},"yaw":90.45006,"pitch":2.550001,"dimension":"minecraft:overworld"}},"dome":{"location":{"pos":{"x":-76.96649898667714,"y":63.0,"z":-678.4096357481401},"yaw":-179.18117,"pitch":10.0076685,"dimension":"minecraft:overworld"}},"underberg":{"location":{"pos":{"x":-396.11840411134347,"y":75.5,"z":-636.8373389128423},"yaw":-88.45007,"pitch":-1.2000296,"dimension":"minecraft:overworld"}},"gold-farm":{"location":{"pos":{"x":-3.632431728436673,"y":231.0,"z":320.72188474612216},"yaw":-136.82915,"pitch":19.949987,"dimension":"minecraft:the_nether"}},"luxury-cat-vacation-home":{"location":{"pos":{"x":-390.4947504032429,"y":70.0,"z":-11960.906396465774},"yaw":-73.500946,"pitch":25.350082,"dimension":"minecraft:overworld"}}}}